Y \ X,0.0000m,0.0127m,0.0253m,0.0380m,0.0506m,0.0633m,0.0759m,0.0886m,0.1013m,0.1139m,0.1266m,0.1392m,0.1519m,0.1646m,0.1772m,0.1899m,0.2025m,0.2152m,0.2278m,0.2405m,0.2532m,0.2658m,0.2785m,0.2911m,0.3038m,0.3165m,0.3291m,0.3418m,0.3544m,0.3671m,0.3797m,0.3924m,0.4051m,0.4177m,0.4304m,0.4430m,0.4557m,0.4684m,0.4810m,0.4937m,0.5063m,0.5190m,0.5316m,0.5443m,0.5570m,0.5696m,0.5823m,0.5949m,0.6076m,0.6203m,0.6329m,0.6456m,0.6582m,0.6709m,0.6835m,0.6962m,0.7089m,0.7215m,0.7342m,0.7468m,0.7595m,0.7722m,0.7848m,0.7975m,0.8101m,0.8228m,0.8354m,0.8481m,0.8608m,0.8734m,0.8861m,0.8987m,0.9114m,0.9241m,0.9367m,0.9494m,0.9620m,0.9747m,0.9873m,1.0000m
0.0000m,100.0000,101.8985,103.7921,105.6759,107.5447,109.3932,111.2155,113.0055,114.7564,116.4610,118.1111,119.6984,121.2134,122.6463,123.9868,125.2239,126.3466,127.3441,128.2058,128.9216,129.4826,129.8813,130.1116,130.1694,130.0526,129.7610,129.2967,128.6638,127.8680,126.9169,125.8191,124.5845,123.2235,121.7467,120.1649,118.4886,116.7278,114.8919,112.9898,111.0295,109.0183,106.9626,104.8683,102.7405,100.5838,98.4021,96.1988,93.9771,91.7395,89.4882,87.2252,84.9521,82.6705,80.3815,78.0862,75.7856,73.4804,71.1712,68.8587,66.5434,64.2256,61.9057,59.5841,57.2609,54.9365,52.6110,50.2845,47.9573,45.6293,43.3009,40.9719,38.6426,36.3129,33.9829,31.6528,29.3224,26.9919,24.6613,22.3307,20.0000
0.0128m,100.0000,101.9010,103.7971,105.6836,107.5552,109.4066,111.2321,113.0256,114.7802,116.4888,118.1434,119.7354,121.2555,122.6938,124.0398,125.2825,126.4109,127.4139,128.2806,129.0010,129.5659,129.9677,130.2001,130.2590,130.1422,129.8496,129.3833,128.7473,127.9477,126.9921,125.8893,124.6494,123.2829,121.8006,120.2134,118.5319,116.7663,114.9259,113.0197,111.0557,109.0411,106.9824,104.8855,102.7554,100.5966,98.4131,96.2084,93.9853,91.7465,89.4942,87.2303,84.9565,82.6743,80.3847,78.0890,75.7880,73.4824,71.1729,68.8602,66.5446,64.2266,61.9066,59.5848,57.2616,54.9370,52.6114,50.2849,47.9576,45.6296,43.3011,40.9721,38.6427,36.3130,33.9831,31.6529,29.3225,26.9920,24.6614,22.3307,20.0000
0.0256m,100.0000,101.9084,103.8121,105.7064,107.5863,109.4466,111.2816,113.0854,114.8513,116.5721,118.2400,119.8462,121.3816,122.8360,124.1987,125.4585,126.6039,127.6233,128.5055,129.2398,129.8166,130.2277,130.4666,130.5289,130.4122,130.1164,129.6438,128.9987,128.1875,127.2182,126.1003,124.8442,123.4610,121.9621,120.3586,118.6616,116.8814,115.0275,113.1090,111.1337,109.1091,107.0415,104.9367,102.7996,100.6348,98.4460,96.2367,94.0096,91.7674,89.5121,87.2457,84.9697,82.6855,80.3944,78.0972,75.7950,73.4884,71.1781,68.8646,66.5484,64.2298,61.9093,59.5872,57.2636,54.9387,52.6129,50.2861,47.9586,45.6305,43.3019,40.9728,38.6433,36.3135,33.9834,31.6531,29.3227,26.9921,24.6615,22.3308,20.0000
0.0385m,100.0000,101.9206,103.8368,105.7441,107.6376,109.5125,111.3632,113.1841,114.9686,116.7097,118.3997,120.0298,121.5907,123.0722,124.4631,125.7518,126.9261,127.9736,128.8822,129.6402,130.2373,130.6644,130.9144,130.9824,130.8658,130.5647,130.0813,129.4206,128.5895,127.5968,126.4530,125.1694,123.7579,122.2308,120.5999,118.8768,117.0720,115.1955,113.2563,111.2625,109.2212,107.1388,105.0209,102.8725,100.6976,98.5001,96.2832,94.0496,91.8016,89.5415,87.2708,84.9912,82.7040,80.4101,78.1107,75.8065,73.4983,71.1865,68.8718,66.5545,64.2351,61.9138,59.5910,57.2668,54.9415,52.6152,50.2881,47.9603,45.6320,43.3031,40.9738,38.6441,36.3142,33.9840,31.6536,29.3231,26.9924,24.6616,22.3308,20.0000
0.0513m,100.0000,101.9374,103.8708,105.7958,107.7081,109.6030,111.4755,113.3200,115.1304,116.8999,118.6207,120.2844,121.8814,123.4013,124.8324,126.1625,127.3783,128.4664,129.4132,130.2058,130.8324,131.2828,131.5489,131.6252,131.5089,131.1998,130.7008,130.0173,129.1572,128.1306,126.9491,125.6257,124.1735,122.6059,120.9359,119.1756,117.3362,115.4279,113.4598,111.4400,109.3755,107.2726,105.1366,102.9723,100.7837,98.5742,96.3468,94.1042,91.8485,89.5816,87.3052,85.0207,82.7291,80.4317,78.1291,75.8223,73.5117,71.1980,68.8816,66.5629,64.2422,61.9199,59.5962,57.2712,54.9453,52.6184,50.2909,47.9627,45.6339,43.3047,40.9752,38.6453,36.3151,33.9848,31.6542,29.3235,26.9927,24.6619,22.3309,20.0000
0.0641m,100.0000,101.9584,103.9132,105.8605,107.7964,109.7166,111.6165,113.4910,115.3343,117.1399,118.9004,120.6073,122.2513,123.8213,125.3055,126.6904,127.9617,129.1041,130.1025,130.9417,131.6082,132.0901,132.3781,132.4657,132.3497,132.0298,131.5095,130.7951,129.8957,128.8231,127.5910,126.2140,124.7074,123.0862,121.3646,119.5556,117.6711,115.7217,113.7164,111.6633,109.5692,107.4403,105.2815,103.0972,100.8911,98.6665,96.4261,94.1722,91.9068,89.6316,87.3480,85.0573,82.7604,80.4584,78.1520,75.8418,73.5284,71.2122,68.8937,66.5733,64.2511,61.9275,59.6026,57.2767,54.9500,52.6224,50.2942,47.9655,45.6363,43.3068,40.9769,38.6467,36.3163,33.9857,31.6550,29.3241,26.9932,24.6622,22.3311,20.0000
0.0769m,100.0000,101.9832,103.9633,105.9369,107.9007,109.8510,111.7836,113.6940,115.5768,117.4262,119.2349,120.9950,122.6969,124.3296,125.8804,127.3349,128.6771,129.8898,130.9549,131.8549,132.5734,133.0965,133.4129,133.5152,133.3994,133.0656,132.5175,131.7626,130.8119,129.6795,128.3814,126.9353,125.3590,123.6695,121.8828,120.0131,118.0728,116.0727,114.0220,111.9285,109.7989,107.6386,105.4524,103.2443,101.0176,98.7752,96.5193,94.2521,91.9752,89.6902,87.3981,85.1001,82.7971,80.4898,78.1788,75.8647,73.5479,71.2289,68.9080,66.5854,64.2615,61.9363,59.6102,57.2832,54.9554,52.6271,50.2982,47.9689,45.6392,43.3092,40.9789,38.6484,36.3177,33.9868,31.6559,29.3248,26.9937,24.6625,22.3313,20.0000
0.0897m,100.0000,102.0112,104.0199,106.0235,108.0190,110.0035,111.9736,113.9252,115.8538,117.7540,119.6195,121.4424,123.2135,124.9218,126.5540,128.0946,129.5255,130.8267,131.9768,132.9542,133.7392,134.3147,134.6674,134.7883,134.6729,134.3211,133.7375,132.9310,131.9147,130.7057,129.3237,127.7903,126.1266,124.3526,122.4863,120.5430,118.5358,116.4757,114.3716,112.2309,110.0599,107.8635,105.6459,103.4106,101.1603,98.8975,96.6242,94.3419,92.0521,89.7559,87.4543,85.1482,82.8382,80.5249,78.2088,75.8903,73.5698,71.2476,68.9239,66.5990,64.2730,61.9462,59.6186,57.2903,54.9615,52.6323,50.3026,47.9726,45.6423,43.3118,40.9811,38.6503,36.3192,33.9881,31.6569,29.3256,26.9942,24.6629,22.3314,20.0000
0.1026m,100.0000,102.0419,104.0819,106.1182,108.1486,110.1709,112.1824,114.1800,116.1599,118.1176,120.0476,121.9428,123.7946,125.5921,127.3217,128.9668,130.5070,131.9187,133.1756,134.2510,135.1200,135.7615,136.1597,136.3039,136.1889,135.8146,135.1862,134.3145,133.2152,131.9093,130.4216,128.7788,127.0073,125.1305,123.1687,121.1384,119.0532,116.9237,114.7586,112.5645,110.3470,108.1102,105.8577,103.5922,101.3159,99.0308,96.7382,94.4395,92.1355,89.8272,87.5153,85.2003,82.8826,80.5628,78.2412,75.9180,73.5934,71.2677,68.9411,66.6137,64.2856,61.9569,59.6277,57.2981,54.9681,52.6379,50.3074,47.9767,45.6458,43.3147,40.9836,38.6523,36.3209,33.9895,31.6580,29.3264,26.9949,24.6632,22.3316,20.0000
0.1154m,100.0000,102.0744,104.1477,106.2189,108.2866,110.3494,112.4055,114.4529,116.4888,118.5098,120.5114,122.4878,124.4314,126.3320,128.1762,129.9465,131.6203,133.1694,134.5608,135.7596,136.7340,137.4579,137.9125,138.0855,137.9708,137.5686,136.8847,135.9314,134.7276,133.2993,131.6784,129.8996,127.9960,125.9957,123.9212,121.7902,119.6159,117.4084,115.1753,112.9223,110.6538,108.3731,106.0828,103.7848,101.4807,99.1717,96.8586,94.5423,92.2234,89.9023,87.5794,85.2550,82.9294,80.6027,78.2752,75.9470,73.6182,71.2889,68.9592,66.6291,64.2987,61.9681,59.6372,57.3062,54.9751,52.6438,50.3124,47.9809,45.6494,43.3178,40.9861,38.6544,36.3227,33.9909,31.6591,29.3273,26.9955,24.6637,22.3318,20.0000
0.1282m,100.0000,102.1080,104.2158,106.3231,108.4295,110.5346,112.6376,114.7376,116.8330,118.9218,121.0010,123.0665,125.1123,127.1297,129.1065,131.0253,132.8616,134.5819,136.1435,137.4985,138.6049,139.4307,139.9543,140.1621,140.0478,139.6116,138.8596,137.8052,136.4705,134.8871,133.0971,131.1485,129.0839,126.9369,124.7319,122.4865,120.2128,117.9194,115.6124,113.2960,110.9731,108.6459,106.3158,103.9837,101.6505,99.3166,96.9824,94.6480,92.3136,89.9792,87.6451,85.3110,82.9772,80.6435,78.3101,75.9767,73.6436,71.3105,68.9776,66.6448,64.3121,61.9795,59.6470,57.3145,54.9821,52.6498,50.3175,47.9852,45.6530,43.3208,40.9887,38.6566,36.3244,33.9924,31.6603,29.3282,26.9961,24.6641,22.3320,20.0000
0.1410m,100.0000,102.1419,104.2844,106.4282,108.5739,110.7220,112.8729,115.0269,117.1839,119.3436,121.5048,123.6656,125.8223,127.9690,130.0963,132.1887,134.2219,136.1573,137.9382,139.4925,140.7635,141.7137,142.3199,142.5690,142.4552,141.9784,141.1446,139.9668,138.4683,136.6867,134.6787,132.5163,130.2564,127.9375,125.5842,123.2117,120.8298,118.4444,116.0592,113.6763,111.2970,108.9217,106.5507,104.1839,101.8211,99.4620,97.1063,94.7536,92.4037,90.0561,87.7106,85.3669,83.0248,80.6842,78.3447,76.0063,73.6688,71.3320,68.9960,66.6605,64.3255,61.9909,59.6567,57.3228,54.9892,52.6558,50.3226,47.9895,45.6567,43.3239,40.9913,38.6587,36.3262,33.9938,31.6614,29.3291,26.9968,24.6645,22.3323,20.0000
0.1538m,100.0000,102.1751,104.3517,106.5315,108.7158,110.9065,113.1050,115.3131,117.5322,119.7638,122.0091,124.2687,126.5424,128.8284,131.1218,133.4130,135.6823,137.8913,139.9653,141.7769,143.2513,144.3495,145.0518,145.3483,145.2349,144.7115,143.7824,142.4574,140.7566,138.7187,136.4187,133.9840,131.4895,128.9736,126.4560,123.9467,121.4505,118.9693,116.5037,114.0531,111.6166,109.1931,106.7813,104.3800,101.9879,99.6040,97.2272,94.8565,92.4913,90.1307,87.7742,85.4212,83.0711,80.7236,78.3783,76.0350,73.6932,71.3529,69.0137,66.6756,64.3384,62.0019,59.6660,57.3308,54.9960,52.6615,50.3275,47.9937,45.6602,43.3269,40.9938,38.6608,36.3279,33.9952,31.6625,29.3300,26.9974,24.6649,22.3325,20.0000
0.1667m,100.0000,102.2067,104.4159,106.6299,108.8513,111.0829,113.3274,115.5879,117.8676,120.1700,122.4987,124.8575,127.2501,129.6800,132.1497,134.6597,137.2047,139.7638,142.2617,144.4074,146.1248,147.3915,148.2001,148.5482,148.4351,147.8609,146.8262,145.3337,143.3906,141.0196,138.2968,135.5132,132.7444,130.0114,127.3194,124.6683,122.0556,119.4783,116.9327,114.4153,111.9230,109.4526,107.0013,104.5666,102.1464,99.7387,97.3417,94.9540,92.5742,90.2013,87.8343,85.4723,83.1147,80.7608,78.4100,76.0620,73.7162,71.3725,69.0305,66.6899,64.3505,62.0122,59.6749,57.3383,55.0023,52.6670,50.3321,47.9976,45.6635,43.3297,40.9961,38.6627,36.3296,33.9965,31.6636,29.3308,26.9980,24.6653,22.3326,20.0000
0.1795m,100.0000,102.2359,104.4750,106.7207,108.9765,111.2460,113.5334,115.8430,118.1798,120.5492,122.9574,125.4115,127.9196,130.4908,133.1364,135.8704,138.7126,141.6990,144.9194,147.4772,149.4608,150.9034,151.8208,152.2212,152.1084,151.4825,150.3398,148.6721,146.4637,143.6815,140.2371,137.0274,133.9626,131.0071,128.1409,125.3504,122.6247,119.9547,117.3327,114.7520,112.2069,109.6924,107.2042,104.7385,102.2921,99.8623,97.4467,95.0432,92.6501,90.2659,87.8893,85.5191,83.1545,80.7947,78.4389,76.0866,73.7372,71.3904,69.0457,66.7029,64.3616,62.0217,59.6829,57.3451,55.0082,52.6719,50.3363,48.0012,45.6665,43.3322,40.9982,38.6645,36.3310,33.9977,31.6645,29.3315,26.9985,24.6657,22.3328,20.0000
0.1923m,100.0000,102.2617,104.5273,106.8012,109.0875,111.3909,113.7166,116.0703,118.4585,120.8886,123.3691,125.9103,128.5241,131.2254,134.0325,136.9700,140.0726,143.3941,147.0243,149.9033,152.1190,153.7213,154.7389,155.1879,155.0754,154.4016,153.1593,151.3325,148.8926,145.7900,141.9367,138.3929,135.0689,131.9111,128.8849,125.9661,123.1366,120.3819,117.6903,115.0522,112.4595,109.9053,107.3840,104.8905,102.4209,99.9714,97.5393,95.1218,92.7169,90.3227,87.9376,85.5602,83.1895,80.8245,78.4643,76.1082,73.7557,71.4061,69.0591,66.7143,64.3713,62.0300,59.6900,57.3511,55.0133,52.6763,50.3400,48.0043,45.6692,43.3345,41.0001,38.6661,36.3323,33.9988,31.6654,29.3321,26.9990,24.6660,22.3330,20.0000
0.2051m,100.0000,102.2833,104.5713,106.8688,109.1809,111.5129,113.8711,116.2623,118.6943,121.1761,123.7186,126.3345,129.0391,131.8513,134.7949,137.9004,141.2080,144.7725,148.6669,151.7771,154.1737,155.9063,157.0078,157.4978,157.3855,156.6712,155.3455,153.3889,150.7688,147.4357,143.3189,139.5329,136.0048,132.6801,129.5187,126.4903,123.5717,120.7443,117.9931,115.3059,112.6725,110.0846,107.5352,105.0182,102.5289,100.0629,97.6168,95.1876,92.7728,90.3701,87.9779,85.5946,83.2188,80.8494,78.4855,76.1263,73.7710,71.4192,69.0702,66.7238,64.3794,62.0369,59.6959,57.3561,55.0175,52.6799,50.3431,48.0069,45.6714,43.3363,41.0017,38.6674,36.3334,33.9996,31.6661,29.3327,26.9994,24.6662,22.3331,20.0000
0.2179m,100.0000,102.3002,104.6056,106.9216,109.2537,111.6082,113.9918,116.4124,118.8788,121.4016,123.9929,126.6676,129.4436,132.3425,135.3913,138.6233,142.0799,145.8124,149.8814,153.1502,155.6766,157.5061,158.6712,159.1926,159.0806,158.3351,156.9463,154.8933,152.1438,148.6525,144.3617,140.4084,136.7320,133.2816,130.0159,126.9020,123.9134,121.0286,118.2303,115.5044,112.8390,110.2245,107.6530,105.1176,102.6129,100.1340,97.6770,95.2387,92.8161,90.4070,88.0092,85.6212,83.2414,80.8686,78.5019,76.1402,73.7829,71.4293,69.0789,66.7311,64.3857,62.0422,59.7004,57.3600,55.0208,52.6827,50.3455,48.0090,45.6731,43.3378,41.0029,38.6684,36.3342,34.0003,31.6666,29.3331,26.9997,24.6664,22.3332,20.0000
0.2308m,100.0000,102.3118,104.6291,106.9577,109.3036,111.6735,114.0747,116.5155,119.0057,121.5566,124.1816,126.8969,129.7219,132.6801,135.7999,139.1158,142.6689,146.5072,150.6840,154.0521,156.6618,158.5547,159.7620,160.3046,160.1927,159.4264,157.9955,155.8794,153.0470,149.4567,145.0585,140.9998,137.2273,133.6936,130.3576,127.1853,124.1485,121.2242,118.3934,115.6407,112.9532,110.3205,107.7337,105.1857,102.6703,100.1826,97.7182,95.2735,92.8457,90.4321,88.0306,85.6393,83.2568,80.8818,78.5131,76.1498,73.7910,71.4362,69.0848,66.7362,64.3900,62.0459,59.7035,57.3627,55.0231,52.6846,50.3471,48.0103,45.6742,43.3387,41.0037,38.6691,36.3348,34.0008,31.6670,29.3334,26.9999,24.6666,22.3333,20.0000
0.2436m,100.0000,102.3177,104.6411,106.9761,109.3290,111.7067,114.1168,116.5680,119.0703,121.6355,124.2778,127.0138,129.8637,132.8518,136.0072,139.3649,142.9654,146.8549,151.0833,154.4994,157.1496,159.0737,160.3021,160.8552,160.7434,159.9666,158.5149,156.3677,153.4948,149.8568,145.4072,141.2974,137.4779,133.9027,130.5314,127.3295,124.2683,121.3238,118.4764,115.7101,113.0113,110.3693,107.7748,105.2203,102.6995,100.2073,97.7391,95.2913,92.8607,90.4448,88.0414,85.6485,83.2647,80.8885,78.5187,76.1546,73.7952,71.4397,69.0878,66.7387,64.3921,62.0477,59.7051,57.3640,55.0242,52.6856,50.3479,48.0110,45.6748,43.3392,41.0041,38.6694,36.3351,34.0010,31.6672,29.3335,27.0000,24.6666,22.3333,20.0000
0.2564m,100.0000,102.3177,104.6411,106.9761,109.3290,111.7067,114.1168,116.5680,119.0703,121.6355,124.2778,127.0138,129.8637,132.8518,136.0072,139.3649,142.9654,146.8549,151.0833,154.4994,157.1496,159.0737,160.3021,160.8552,160.7434,159.9666,158.5149,156.3677,153.4948,149.8568,145.4072,141.2974,137.4779,133.9027,130.5314,127.3295,124.2683,121.3238,118.4764,115.7101,113.0113,110.3693,107.7748,105.2203,102.6995,100.2073,97.7391,95.2913,92.8607,90.4448,88.0414,85.6485,83.2647,80.8885,78.5188,76.1546,73.7952,71.4397,69.0878,66.7387,64.3921,62.0477,59.7051,57.3640,55.0242,52.6856,50.3479,48.0110,45.6748,43.3392,41.0041,38.6694,36.3351,34.0010,31.6672,29.3335,27.0000,24.6666,22.3333,20.0000
0.2692m,100.0000,102.3118,104.6291,106.9577,109.3037,111.6735,114.0747,116.5155,119.0057,121.5566,124.1816,126.8969,129.7219,132.6801,135.7999,139.1158,142.6689,146.5072,150.6840,154.0521,156.6618,158.5547,159.7620,160.3046,160.1927,159.4264,157.9955,155.8794,153.0470,149.4567,145.0585,140.9998,137.2274,133.6936,130.3576,127.1853,124.1485,121.2242,118.3934,115.6407,112.9532,110.3205,107.7337,105.1857,102.6704,100.1826,97.7182,95.2736,92.8457,90.4321,88.0306,85.6393,83.2569,80.8818,78.5131,76.1498,73.7911,71.4362,69.0848,66.7362,64.3900,62.0459,59.7035,57.3627,55.0231,52.6846,50.3471,48.0103,45.6743,43.3387,41.0037,38.6691,36.3348,34.0008,31.6670,29.3334,26.9999,24.6666,22.3333,20.0000
0.2821m,100.0000,102.3002,104.6056,106.9216,109.2537,111.6082,113.9918,116.4124,118.8789,121.4016,123.9929,126.6676,129.4436,132.3425,135.3913,138.6233,142.0799,145.8124,149.8814,153.1502,155.6766,157.5061,158.6712,159.1926,159.0806,158.3352,156.9463,154.8933,152.1438,148.6525,144.3617,140.4084,136.7320,133.2816,130.0160,126.9021,123.9134,121.0286,118.2304,115.5044,112.8390,110.2246,107.6530,105.1177,102.6129,100.1340,97.6770,95.2387,92.8161,90.4070,88.0092,85.6212,83.2414,80.8687,78.5019,76.1403,73.7829,71.4293,69.0789,66.7312,64.3857,62.0422,59.7004,57.3600,55.0209,52.6827,50.3455,48.0090,45.6731,43.3378,41.0029,38.6684,36.3342,34.0003,31.6666,29.3331,26.9997,24.6664,22.3332,20.0000
0.2949m,100.0000,102.2833,104.5713,106.8688,109.1809,111.5130,113.8712,116.2623,118.6943,121.1762,123.7186,126.3345,129.0391,131.8513,134.7949,137.9004,141.2080,144.7725,148.6670,151.7771,154.1737,155.9063,157.0078,157.4978,157.3856,156.6712,155.3455,153.3890,150.7689,147.4357,143.3189,139.5329,136.0048,132.6801,129.5187,126.4904,123.5718,120.7444,117.9932,115.3059,112.6726,110.0847,107.5352,105.0183,102.5289,100.0629,97.6168,95.1876,92.7728,90.3702,87.9780,85.5946,83.2188,80.8494,78.4855,76.1263,73.7711,71.4192,69.0703,66.7238,64.3795,62.0369,59.6959,57.3562,55.0176,52.6799,50.3431,48.0069,45.6714,43.3363,41.0017,38.6674,36.3334,33.9996,31.6661,29.3327,26.9994,24.6662,22.3331,20.0000
0.3077m,100.0000,102.2617,104.5273,106.8012,109.0875,111.3909,113.7167,116.0704,118.4585,120.8886,123.3691,125.9103,128.5241,131.2254,134.0325,136.9700,140.0726,143.3941,147.0243,149.9033,152.1190,153.7214,154.7390,155.1879,155.0755,154.4017,153.1593,151.3325,148.8927,145.7900,141.9367,138.3929,135.0689,131.9111,128.8849,125.9662,123.1366,120.3819,117.6904,115.0523,112.4595,109.9054,107.3840,104.8906,102.4209,99.9715,97.5393,95.1219,92.7169,90.3227,87.9376,85.5603,83.1896,80.8246,78.4643,76.1083,73.7557,71.4061,69.0591,66.7143,64.3714,62.0300,59.6900,57.3512,55.0133,52.6763,50.3400,48.0043,45.6692,43.3345,41.0001,38.6661,36.3323,33.9988,31.6654,29.3322,26.9990,24.6660,22.3330,20.0000
0.3205m,100.0000,102.2359,104.4750,106.7207,108.9765,111.2461,113.5334,115.8431,118.1798,120.5492,122.9574,125.4116,127.9196,130.4908,133.1365,135.8704,138.7126,141.6990,144.9195,147.4773,149.4608,150.9034,151.8208,152.2212,152.1085,151.4826,150.3399,148.6722,146.4638,143.6816,140.2371,137.0274,133.9627,131.0071,128.1410,125.3505,122.6247,119.9547,117.3327,114.7521,112.2070,109.6925,107.2042,104.7385,102.2922,99.8624,97.4467,95.0433,92.6502,90.2659,87.8893,85.5192,83.1546,80.7948,78.4390,76.0866,73.7373,71.3904,69.0457,66.7029,64.3616,62.0217,59.6830,57.3452,55.0082,52.6720,50.3363,48.0012,45.6665,43.3322,40.9983,38.6645,36.3310,33.9977,31.6646,29.3315,26.9986,24.6657,22.3328,20.0000
0.3333m,100.0000,102.2067,104.4159,106.6299,108.8514,111.0829,113.3274,115.5879,117.8676,120.1700,122.4987,124.8575,127.2501,129.6800,132.1498,134.6597,137.2047,139.7638,142.2618,144.4075,146.1249,147.3915,148.2002,148.5483,148.4352,147.8609,146.8263,145.3338,143.3907,141.0197,138.2968,135.5133,132.7445,130.0114,127.3195,124.6683,122.0557,119.4783,116.9327,114.4154,111.9231,109.4526,107.0013,104.5667,102.1465,99.7387,97.3417,94.9540,92.5743,90.2014,87.8344,85.4724,83.1148,80.7608,78.4101,76.0620,73.7163,71.3725,69.0305,66.6899,64.3506,62.0123,59.6749,57.3383,55.0024,52.6670,50.3321,47.9977,45.6635,43.3297,40.9961,38.6628,36.3296,33.9965,31.6636,29.3308,26.9980,24.6653,22.3326,20.0000
0.3462m,100.0000,102.1751,104.3517,106.5315,108.7159,110.9065,113.1051,115.3131,117.5322,119.7638,122.0091,124.2688,126.5425,128.8284,131.1219,133.4130,135.6824,137.8914,139.9654,141.7770,143.2513,144.3496,145.0519,145.3484,145.2350,144.7116,143.7825,142.4575,140.7567,138.7188,136.4187,133.9841,131.4895,128.9736,126.4561,123.9468,121.4505,118.9694,116.5037,114.0531,111.6167,109.1932,106.7814,104.3801,101.9880,99.6041,97.2272,94.8566,92.4914,90.1308,87.7743,85.4212,83.0712,80.7237,78.3784,76.0350,73.6933,71.3529,69.0138,66.6757,64.3384,62.0019,59.6661,57.3308,54.9960,52.6616,50.3275,47.9937,45.6602,43.3269,40.9938,38.6608,36.3280,33.9952,31.6626,29.3300,26.9974,24.6649,22.3325,20.0000
0.3590m,100.0000,102.1419,104.2844,106.4282,108.5739,110.7220,112.8729,115.0269,117.1839,119.3436,121.5049,123.6656,125.8223,127.9691,130.0963,132.1888,134.2219,136.1574,137.9383,139.4925,140.7636,141.7138,142.3200,142.5691,142.4553,141.9785,141.1446,139.9669,138.4684,136.6868,134.6788,132.5163,130.2565,127.9376,125.5842,123.2118,120.8299,118.4445,116.0593,113.6764,111.2970,108.9218,106.5508,104.1840,101.8212,99.4621,97.1064,94.7537,92.4037,90.0561,87.7106,85.3670,83.0249,80.6842,78.3448,76.0064,73.6688,71.3321,68.9960,66.6605,64.3255,61.9909,59.6567,57.3228,54.9892,52.6558,50.3226,47.9896,45.6567,43.3239,40.9913,38.6587,36.3262,33.9938,31.6614,29.3291,26.9968,24.6645,22.3323,20.0000
0.3718m,100.0000,102.1080,104.2158,106.3231,108.4296,110.5346,112.6376,114.7376,116.8330,118.9218,121.0011,123.0666,125.1123,127.1297,129.1065,131.0253,132.8617,134.5820,136.1436,137.4986,138.6049,139.4308,139.9543,140.1621,140.0479,139.6116,138.8596,137.8053,136.4705,134.8872,133.0972,131.1486,129.0840,126.9370,124.7320,122.4866,120.2129,117.9195,115.6125,113.2961,110.9732,108.6460,106.3159,103.9838,101.6506,99.3167,96.9825,94.6481,92.3137,89.9793,87.6451,85.3111,82.9773,80.6436,78.3101,75.9768,73.6436,71.3106,68.9777,66.6449,64.3122,61.9796,59.6470,57.3146,54.9822,52.6498,50.3175,47.9853,45.6531,43.3209,40.9887,38.6566,36.3245,33.9924,31.6603,29.3282,26.9962,24.6641,22.3320,20.0000
0.3846m,100.0000,102.0744,104.1477,106.2189,108.2866,110.3494,112.4055,114.4529,116.4888,118.5098,120.5114,122.4879,124.4314,126.3320,128.1762,129.9466,131.6204,133.1695,134.5609,135.7597,136.7341,137.4580,137.9126,138.0856,137.9709,137.5687,136.8848,135.9315,134.7277,133.2994,131.6785,129.8997,127.9961,125.9958,123.9213,121.7903,119.6160,117.4085,115.1754,112.9224,110.6539,108.3732,106.0829,103.7849,101.4808,99.1718,96.8587,94.5424,92.2235,89.9024,87.5795,85.2551,82.9295,80.6028,78.2753,75.9471,73.6183,71.2890,68.9593,66.6292,64.2988,61.9682,59.6373,57.3063,54.9751,52.6438,50.3124,47.9810,45.6494,43.3178,40.9861,38.6544,36.3227,33.9909,31.6591,29.3273,26.9955,24.6637,22.3318,20.0000
0.3974m,100.0000,102.0419,104.0819,106.1182,108.1486,110.1709,112.1824,114.1800,116.1599,118.1177,120.0476,121.9429,123.7946,125.5921,127.3218,128.9668,130.5071,131.9188,133.1757,134.2511,135.1201,135.7616,136.1598,136.3040,136.1890,135.8147,135.1863,134.3146,133.2153,131.9094,130.4217,128.7790,127.0074,125.1306,123.1688,121.1385,119.0533,116.9238,114.7587,112.5647,110.3471,108.1103,105.8578,103.5923,101.3161,99.0309,96.7383,94.4396,92.1356,89.8273,87.5154,85.2004,82.8827,80.5629,78.2413,75.9181,73.5935,71.2678,68.9412,66.6138,64.2857,61.9570,59.6278,57.2982,54.9682,52.6380,50.3074,47.9767,45.6458,43.3148,40.9836,38.6523,36.3209,33.9895,31.6580,29.3264,26.9949,24.6633,22.3316,20.0000
0.4103m,100.0000,102.0112,104.0199,106.0235,108.0190,110.0035,111.9736,113.9252,115.8538,117.7541,119.6195,121.4424,123.2136,124.9219,126.5541,128.0947,129.5256,130.8268,131.9768,132.9543,133.7393,134.3148,134.6675,134.7884,134.6730,134.3212,133.7376,132.9311,131.9148,130.7058,129.3239,127.7904,126.1267,124.3527,122.4864,120.5431,118.5359,116.4758,114.3717,112.2311,110.0600,107.8637,105.6461,103.4107,101.1605,98.8977,96.6243,94.3420,92.0522,89.7560,87.4545,85.1483,82.8383,80.5250,78.2089,75.8904,73.5699,71.2477,68.9240,66.5991,64.2731,61.9463,59.6187,57.2904,54.9616,52.6323,50.3027,47.9727,45.6424,43.3119,40.9812,38.6503,36.3193,33.9881,31.6569,29.3256,26.9943,24.6629,22.3314,20.0000
0.4231m,100.0000,101.9832,103.9633,105.9369,107.9008,109.8510,111.7837,113.6940,115.5769,117.4262,119.2350,120.9951,122.6969,124.3296,125.8804,127.3350,128.6772,129.8898,130.9550,131.8550,132.5735,133.0966,133.4130,133.5153,133.3995,133.0657,132.5176,131.7627,130.8121,129.6796,128.3815,126.9354,125.3591,123.6696,121.8829,120.0132,118.0729,116.0728,114.0221,111.9287,109.7990,107.6387,105.4526,103.2445,101.0178,98.7753,96.5194,94.2522,91.9754,89.6903,87.3982,85.1002,82.7972,80.4899,78.1789,75.8648,73.5480,71.2290,68.9081,66.5855,64.2615,61.9364,59.6102,57.2832,54.9555,52.6271,50.2983,47.9689,45.6392,43.3092,40.9789,38.6484,36.3177,33.9869,31.6559,29.3248,26.9937,24.6625,22.3313,20.0000
0.4359m,100.0000,101.9584,103.9132,105.8605,107.7964,109.7166,111.6166,113.4910,115.3343,117.1399,118.9004,120.6074,122.2513,123.8214,125.3056,126.6905,127.9617,129.1042,130.1026,130.9418,131.6083,132.0902,132.3782,132.4658,132.3498,132.0300,131.5097,130.7952,129.8958,128.8233,127.5911,126.2141,124.7076,123.0863,121.3647,119.5558,117.6713,115.7218,113.7165,111.6634,109.5694,107.4404,105.2816,103.0973,100.8913,98.6667,96.4263,94.1724,91.9070,89.6317,87.3481,85.0574,82.7606,80.4586,78.1521,75.8419,73.5285,71.2123,68.8939,66.5734,64.2512,61.9276,59.6027,57.2768,54.9500,52.6225,50.2943,47.9656,45.6364,43.3068,40.9769,38.6468,36.3163,33.9858,31.6550,29.3241,26.9932,24.6622,22.3311,20.0000
0.4487m,100.0000,101.9374,103.8708,105.7958,107.7081,109.6030,111.4756,113.3201,115.1305,116.8999,118.6208,120.2844,121.8815,123.4013,124.8325,126.1626,127.3784,128.4665,129.4133,130.2059,130.8325,131.2829,131.5490,131.6254,131.5090,131.1999,130.7009,130.0174,129.1573,128.1307,126.9493,125.6258,124.1736,122.6061,120.9361,119.1758,117.3364,115.4281,113.4600,111.4401,109.3757,107.2727,105.1368,102.9725,100.7838,98.5743,96.3470,94.1043,91.8486,89.5818,87.3054,85.0208,82.7293,80.4318,78.1293,75.8224,73.5118,71.1981,68.8817,66.5630,64.2423,61.9200,59.5963,57.2713,54.9454,52.6185,50.2909,47.9627,45.6340,43.3048,40.9752,38.6453,36.3152,33.9848,31.6542,29.3236,26.9928,24.6619,22.3310,20.0000
0.4615m,100.0000,101.9206,103.8369,105.7441,107.6376,109.5125,111.3633,113.1841,114.9687,116.7098,118.3997,120.0299,121.5908,123.0723,124.4632,125.7519,126.9262,127.9737,128.8823,129.6403,130.2374,130.6645,130.9145,130.9825,130.8660,130.5648,130.0815,129.4207,128.5896,127.5970,126.4531,125.1695,123.7581,122.2309,120.6001,118.8769,117.0722,115.1957,113.2565,111.2627,109.2214,107.1390,105.0211,102.8726,100.6978,98.5003,96.2833,94.0497,91.8018,89.5416,87.2710,84.9914,82.7041,80.4103,78.1109,75.8067,73.4984,71.1866,68.8719,66.5546,64.2352,61.9139,59.5911,57.2669,54.9416,52.6153,50.2882,47.9604,45.6320,43.3031,40.9738,38.6442,36.3142,33.9840,31.6536,29.3231,26.9924,24.6617,22.3308,20.0000
0.4744m,100.0000,101.9084,103.8122,105.7064,107.5863,109.4466,111.2817,113.0854,114.8513,116.5722,118.2400,119.8463,121.3817,122.8360,124.1987,125.4586,126.6040,127.6234,128.5056,129.2399,129.8167,130.2278,130.4668,130.5290,130.4123,130.1166,129.6440,128.9989,128.1877,127.2184,126.1004,124.8444,123.4612,121.9622,120.3588,118.6618,116.8815,115.0277,113.1091,111.1339,109.1093,107.0417,104.9368,102.7998,100.6350,98.4462,96.2368,94.0098,91.7675,89.5123,87.2458,84.9698,82.6857,80.3945,78.0974,75.7951,73.4885,71.1782,68.8647,66.5485,64.2300,61.9095,59.5873,57.2637,54.9388,52.6130,50.2862,47.9587,45.6306,43.3019,40.9728,38.6433,36.3135,33.9835,31.6532,29.3227,26.9922,24.6615,22.3308,20.0000
0.4872m,100.0000,101.9010,103.7971,105.6836,107.5552,109.4066,111.2322,113.0256,114.7803,116.4889,118.1435,119.7355,121.2556,122.6939,124.0399,125.2826,126.4110,127.4140,128.2807,129.0011,129.5660,129.9678,130.2002,130.2592,130.1424,129.8498,129.3834,128.7475,127.9479,126.9922,125.8895,124.6496,123.2830,121.8008,120.2136,118.5321,116.7664,114.9261,113.0199,111.0559,109.0413,106.9826,104.8856,102.7555,100.5968,98.4133,96.2085,93.9855,91.7467,89.4944,87.2305,84.9567,82.6744,80.3849,78.0892,75.7881,73.4825,71.1731,68.8603,66.5448,64.2268,61.9067,59.5850,57.2617,54.9372,52.6115,50.2850,47.9577,45.6297,43.3012,40.9722,38.6428,36.3131,33.9831,31.6529,29.3225,26.9920,24.6614,22.3307,20.0000
0.5000m,100.0000,101.8985,103.7921,105.6759,107.5447,109.3932,111.2156,113.0056,114.7565,116.4610,118.1112,119.6985,121.2135,122.6464,123.9869,125.2240,126.3468,127.3443,128.2059,128.9217,129.4827,129.8814,130.1118,130.1696,130.0527,129.7612,129.2969,128.6640,127.8682,126.9170,125.8193,124.5847,123.2237,121.7469,120.1651,118.4888,116.7280,114.8921,112.9900,111.0297,109.0185,106.9628,104.8685,102.7407,100.5840,98.4023,96.1990,93.9773,91.7396,89.4883,87.2253,84.9523,82.6706,80.3817,78.0864,75.7857,73.4805,71.1714,68.8589,66.5435,64.2257,61.9058,59.5842,57.2610,54.9366,52.6111,50.2846,47.9573,45.6294,43.3009,40.9720,38.6426,36.3129,33.9830,31.6528,29.3224,26.9919,24.6614,22.3307,20.0000
